<?xml version="1.0"?>
<ApplicationDescription xmlns:xsd="http://www.w3.org/2001/XMLSchema" xmlns:xsi="http://www.w3.org/2001/XMLSchema-instance">
  <Files>
    <File FilePath="Communication.Bingo.dll" Hash="AC4F5F5E6EF7947BF32C7DC441FD443E00F85BE9" IsConfigFile="false" />
    <File FilePath="Communication.Core.dll" Hash="F8F0AB3719AE5E69DE35F01A9D093B9A84B634A9" IsConfigFile="false" />
    <File FilePath="Communication.GUI.dll" Hash="4791CEF45580A4EFA31796CE8F5616DD5FD968F8" IsConfigFile="false" />
    <File FilePath="Communication.Neo.dll" Hash="F3C2B6CE33725332C53A515DAF4DF3BF8128136F" IsConfigFile="false" />
    <File FilePath="Communication.Thermal.dll" Hash="05E75DAEFC3746DC914854F4B256D8936A4A69BE" IsConfigFile="false" />
    <File FilePath="itextsharp.dll" Hash="AEDACDA2B652EBB042F5AA3EED322205FBECB028" IsConfigFile="false" />
    <File FilePath="log4net.dll" Hash="F6FA625CD8E1478877600FFEB79A5D35049BC818" IsConfigFile="false" />
    <File FilePath="Modules.Bingo.dll" Hash="A8D49E703D824AC7966D87BEC31ABBC26ABF2D8C" IsConfigFile="false" />
    <File FilePath="Modules.Core.dll" Hash="6F58DA148F2E59B5FA298AA19053C9CF1CE2B727" IsConfigFile="false" />
    <File FilePath="Modules.NEO.dll" Hash="C07C0A2BF9D912AA935F89B6A565932E359AC315" IsConfigFile="false" />
    <File FilePath="Modules.Thermal.dll" Hash="DE03C42C63E52E05B64C37F89BE56CD484D40542" IsConfigFile="false" />
    <File FilePath="UI.Core.dll" Hash="69E7E9DCDC4ACA628CE81CCFEA0B03EB8C899EA3" IsConfigFile="false" />
    <File FilePath="Xceed.Wpf.Toolkit.dll" Hash="5B7864B7C12411150D6A7992C809A5BE7AC71FCB" IsConfigFile="false" />
    <File FilePath="zlib.net.dll" Hash="637B7F5F334E655A14D7FA008D723B9AD0E8F2DC" IsConfigFile="false" />
    <File FilePath="NPS.exe" Hash="3EE68533992E9C799A791AE78A277ED84FCC9198" IsConfigFile="false" />
    <File FilePath="NPS.exe.config" Hash="89597602D8D0B481C13BD61CFA832ABCB6D15DD7" IsConfigFile="true" />
    <File FilePath="log4net.license.txt" Hash="B314C7EBB7D599944981908B7F3ED33A30E78F3A" IsConfigFile="true" />
    <File FilePath="zlib.net.license.txt" Hash="833C37C5B6C1B8121E01C110BA31E443CBABD588" IsConfigFile="true" />
  </Files>
</ApplicationDescription>